NAME,Experimental RT
Tryptophan,6.92
Kynurenine,6.98
Isoleucine,7.18
Betaine,7.24
Methionine,7.37
Valine,7.24
Acetylcarnitine,7.19
Proline,7.83
Tyrosine,7.61
Taurine,7.85
3-Aminoisobutyric acid,7.4
gamma-Aminobutyric Acid,7.86
3-Hydroxyproline,8.17
Alanine,8.05
Creatine,8.15
Threonine,8.21
Glutamine,8.66
Glycerophosphocholine,8.67
Asparagine,8.81
Glutamic acid,8.85
Histidine,9.48
N-Methylhistidine,9.02
N-Methylhistidine,9.47
Aspartic acid,9.33
"NEPSILON,NEPSILON,NEPSILON-TRIMETHYLLYSINE",9.29
Homoarginine,9.34
Choline [M]+,5.18
Phenylalanine,6.52
Phenylalanine,6.94
Creatinine,4.93
Glutamine,8.19
"(2-oxo-2,3-dihydro-1H-indol-3-yl)acetic acid",2.02
(2R)-3-Hydroxyisovaleroylcarnitine,7.23
(R)-Butyrylcarnitine,5.77
(S)-Cotinine N-oxide,3.87
"1,1-Dimethyl-4-phenylpiperazinium",2.61
"1,2-Cyclohexanediol",4.88
"1,2-Cyclohexanedione",5.77
"1,3 Cyclohexanedione",1.47
"1,3,5(10)-Estratrien-3-ol-17-one",1.01
"1,3,7-Trimethyluric acid",1.83
"1,4-Cyclohexanedicarboxylic acid",1.56
"1,4-Cyclohexanedione",1.15
"1,5-Anhydrosorbitol",0.92
"1,7-Dimethyluric acid",4.09
"1,7-Dimethylxanthine",1.69
16-Glucuronide-estriol,6.49
1-Acetylimidazole,1.37
1-Benzylimidazole,1.63
1-Methyladenosine,7.46
1-Methylguanosine,5.84
1-Methyl-L-histidine,9.1
1-Methylnicotinamide,6.26
1-Methylpseudouridine,4.99
1-Methyltryptophan,6.38
1-Methyluric acid,2.18
1-Monostearin,0.99
2-(2-Aminoethyl)pyridine,5.52
"2,3-Butanediol",3.34
"2,3-Dideoxycytidine",4.54
"2',3'-Dideoxyinosine",3.44
"2,3-Dideoxyuridine",1.73
"2,6-Diaminopimelic acid",9.88
"2,8-Quinolinediol",1.53
2-alpha-Mannobiose,9.47
2-Amino-3-methoxybenzoic acid,1.27
2-Aminoacetophenone,1.08
2-Aminoethanethiol,2.05
2-Aminoethylphosphonic acid,9.39
2-Aminophenol,1.22
2-Chloroadenosine,2.69
2-Chloro-N6-cyclopentyladenosine,1.47
2'-Deoxyadenosine,3.92
2'-Deoxyadenosine-5'-monophosphate,8.63
2'-Deoxycytidine,5.87
2-Deoxycytidine-5-monophosphoric acid,9.16
2'-Deoxyguanosine,6.4
2'-Deoxyguanosine 3'-monophosphate,9.43
2'-Deoxyguanosine 5'-monophosphate,9.25
2-Deoxyribose,1.42
2-Deoxyuridine,2.96
2-Hexenal,1.39
2-Hydroxy-3-methylbutyric acid,1.29
2-Hydroxy-4-methylpentanoic acid,1.57
2-Hydroxyacetophenone,4.36
2-Hydroxychalcone,1.01
2-Hydroxyglutaric acid,0.91
2-Hydroxyquinoline,1.51
2-Indolinone,1.36
2-Methoxy-4-vinylphenol,8.71
2-Myristoylglycerol,1.01
2'-O-Methyl-5-methylcytidine,4.93
2'-O-Methyl-5-methyluridine,1.75
2'-O-Methyladenosine,2.6
2'-O-Methyladenosine,2.64
2'-O-Methylcytidine,5.02
2'-O-Methylguanosine,5.72
2'-O-Methylinosine,4.06
2'-O-Methyluridine,2.24
2-Palmitoylglycerol,0.99
2-Phenylacetamide,1.26
2-Propanamidoacetic acid,5.37
2-Pyridone,2.05
2-Thiocytidine,5.33
2-Thiouridine,2.48
3-(1-Pyrazolyl)-alanine,7.54
"3,4-Dihydroxymandelic acid",2.3
"3,4-Dihydroxyphenylalanine",8.31
"3,4-Dimethoxybenzaldehyde",1.08
"3,4-Methylenedioxyethamphetamine",2.94
"3',5'-Cyclic dAMP",7.29
"3,5-Dihydroxyphenylglycine",8.18
3-Amino-3-(4-hydroxyphenyl)propionic acid,7.42
3-Aminotyrosine,8.06
3-beta-Cholest-5-en-3-yl [2-(dimethylamino)ethyl]carbamate,2.34
3-Chlorotyrosine,7.13
3-Deoxyuridine,2.87
3-Guanidinopropionic acid,8.15
3-Hydroxyanthranilic acid,1.48
3-Hydroxybenzaldehyde,1.18
3-Hydroxybutyrylcarnitine,7.62
3-Hydroxykynurenine,7.35
3-Hydroxyphenylacetic acid,1.45
3-Hydroxyphenylalanine,7.44
3-Hydroxysebacic acid,2.55
3-Hydroxyvaleric acid,1.29
3-Indoleacetic acid,1.33
3-Indoleacetonitrile,8.02
3-Indolepropionic acid,1.28
3-Methylcrotonylglycine,2.95
3-Methylcytidine,6.99
3-Methylhistidine,9.41
3-Methyloxyindole,1.07
3-Methylthiopropylamine,5.16
3-Methyluridine,1.12
3-Nitrotyrosine,6.88
3-Octanol,8.47
3'-O-Methylcytidine,5.09
3'-O-Methylguanosine,5.8
3'-O-Methyluridine,2.42
3-Phosphonopropionic acid,8.59
3-Pyridinemthanol,1.41
3-Trimethylsilylpropionic acid,5.64
3-Ureidopropionic acid,5.6
"4,5,7-Trihydroxyisoflavone",1.27
4-Acetamidobutyric acid,2.26
4-Acetylbutyric acid,1.24
4-Aminobenzoic acid,7.49
4-Aminomethylcyclohexanecarboxylic acid,6.6
4-Aminophenol,1.34
4-Guanidinobutyric acid,7.72
4-Hexylresorcinol,1.63
4-Hydroxy-4-methyl-2-pentanone,4.88
4-Hydroxy-6-methyl-2-pyrone,1.47
4-Hydroxybenzaldehyde,1.18
4-Hydroxyhippuric acid,5.86
4-Hydroxymandelonitrile,2.63
4-Hydroxynonenal,1.07
4-Hydroxyphenylethanol,8.03
4-Hydroxyphenylpyruvic acid,1.22
4-Hydroxyquinoline,1.69
4-Methyl-5-thiazoleethanol,1.21
4-Methylumbelliferone,1.22
4-Methylumbelliferyl acetate,1.06
4-Nitroquinoline-N-oxide,1.14
4-Pyridoxic acid,2.66
4-Quinolinecarboxylic acid,4.58
4-Thiouridine,2.27
4-Trimethylammoniobutanoic acid,7.66
"5,6-Dihydro-5-methyluracil",1.57
"5,6-Dihydrouracil",1.77
"5,6-Dimethylbenzimidazole",1.82
5-Aminoimidazole-4-carboxamide,4.18
5-AminosalicylicÂ acid,3.89
5-Aminovaleric acid,7.24
5-Cholesten-3-beta-7-alpha-diol,3.36
5-Fluro-2-pyrimidone,1.77
5-Flurocytosine,4.62
5-Hydroxy-3-indoleacetic acid,1.78
5-Hydroxymethylcytidine,7.54
5-Hydroxymethylcytosine,6.9
5-Hydroxytryptophan,7.48
5-Hydroxytryptophol,5.93
5-Methoxy-3-indoleacetic acid,1.32
5-Methoxypsoralen,1.07
5-Methoxytryptamine,4.99
5-Methoxytryptophol,1.18
5-Methoxyuridine,4.72
5-Methyl-2-thiouridine,1.98
5-Methyl-3-deoxyuridine,2.6
5-Methylcytidine,6.39
5-Methylcytosine,6.62
5'-Methylthioadenosine,2.49
5-Methyluridine,4.19
5-Nonyloxytryptamine,3.4
5'-O-Methylthymidine,1.46
"6,7-Dihydroxycoumarin",1.47
6-Aminoindazole,1.26
6-Azuridine,4.31
6-Hydroxycaproic acid,1.34
6-Hydroxyflavone,1.26
6-Methyl-5-hepten-2-ol,7.3
6-Methyladenosine,3.56
6-Methylmercaptopurine,1.49
"7,8-Dihydrobiopterin",7.18
7-Methylguanosine,7.34
7-Nitroindazole,1.03
8-Oxo-2-deoxyadenosine,5.11
Abietic acid,1.11
Abscisic acid,1.33
Acarbose,9.88
Acetaminophen,1.37
Acetaminophen glucuronide,7.73
Acetanilide,1.11
Acetohydroxamic acid,2.94
Acetylisatin,2.4
Actinomycin D,1.03
Actrarit,1.58
Adenine,4.71
Adenosine,4.77
"Adenosine 3',5'-cyclic monophosphate",7.62
Adenosine 5'-monophosphate,8.88
Adenosine-3-monophosphate,8.88
ADMA,8.55
Adrenosterone,1.1
Agmatine,8.92
Ala-Ala,8.41
Ala-Gln,9.11
Ala-Ile,7.83
Ala-Leu,7.6
Ala-Val,7.66
Albendazole,1.22
Albuterol,5.55
Alfuzosin,4.29
Allantoic acid,8.56
Allothreonine,7.95
Alosetron,4.19
alpha-Galactosamine-1-phosphate,7.06
alpha-Keto-gamma-(methylthio)butyric acid,0.92
alpha-Methylene-gamma-butyrolactone,1.05
alpha-Methylhistidine,8.68
alpha-Santonin,1.07
Alprazolam,1.34
Altanserin,2.64
AM 404,0.97
AM-251,0.97
Amantadine,4.88
Amiloride,5.52
Amiodarone,1.87
Amisulpride,2.76
Amlexanox,1.81
Amlodipine,4.24
Amphetamine,4.6
Ampiroxicam,0.95
Anagrelide,1.82
Anastrozole,0.98
"Androstane-3,17-diol",0.96
Androstenedione,1.09
Androsterone,4.62
Anserine,9.49
Arachidonyl dopamine,1.14
Arg-Ala,9.66
Argatroban,5.45
Arg-Gly,9.85
Arginine,9.53
Arg-Pro,9.51
Arg-Ser,9.9
Arg-Val,9.3
Aripiprazole,3.14
Ascorbic acid,1.44
Asp-Glu,9.47
Asp-Phe,8.14
Atomexetine,2.42
Atropine,4.32
Azasetron,4.66
Azelastine,2.95
Balsalazide,4.85
Beclomethasone,1.26
Benactyzine,2.16
Benazepril,1.33
Benidipine,1.46
Benproperine,1.99
Benzamide,1.27
Benzothiazole,1.11
Benzoylecgonine,3.63
Benzphetamine,2.04
Benzphetamine,2.01
Benzylacetate,8.71
Bestatin,5.98
beta-Alanine,8.02
beta-Hydroxyisovaleric acid,4.55
beta-N-Methylaminoalanine,9.32
Betaxolol,3.05
Bicalutamide,0.99
Bifemelane,2.46
Bifonazole,1.19
Biliverdin,2.35
Biliverdin,1.5
Binospirone,1.8
Biotin,2.85
Bisoprolol,3.47
Biuret,2.73
Bromazepam,1.3
Brucine,4.57
Buflomedil,2.34
Bupropion,2.22
Butanoic acid,10.19
Butyrylglycine,3.73
Cadaverine,8.99
Caffeic acid,1.81
Caffeine,1.21
Camalexin,1.05
Canavanine,9.42
Capsaicin,1
Carbamazepine,1.21
Carbocysteine,9.04
Carboxyibuprofen,1.11
Carnitine,7.83
Carnosine,9.54
Carvedilol,3.17
Catechin,4.11
Cefaclor,5.61
Cefatrizine,7.98
Cefdinir,6.94
Cefixime,7.79
CefpodoximeÂ proxetil,1.12
Cerivastatin,1.18
Cetraxate,5.29
CGS 12066B,2.21
CGS 15943,1.07
CHEMBL1616521,2.93
Chlordiazepoxide,1.35
Chlorogenic acid,6.68
Chlorpheniramine,2.54
Cilastatin,7.63
Cinanserin,2.61
Cinnamaldehyde,9.18
Cisapride,2.28
Citalopram,2.21
Citrulline,8.74
Cladribine,1.95
Clarithromycin,3
Clobazam,1.1
Clobenpropit,6.13
Clofazimine,1.78
Clomipramine,2.31
Clonidine,2.85
Cocaethylene,2.12
Cocaine,2.2
Coniferylaldehyde,1.14
Cordycepin,3.54
Corticosterone,1.25
Cortisone,1.29
Cortodoxone,1.15
Cortodoxone,1.15
Corydaline,1.52
Cotinine,1.49
Coumarin,1.08
Crotamiton,0.97
Cyclo(Leu-Pro),1.29
Cyclohexanamine,5.1
Cyproheptadine,2.31
Cystathionine,9.91
Cysteic acid,8.92
Cysteine,5.31
Cystine,9.97
Cytarabine,6.72
Cytidine,6.85
Cytidine-5'-monophosphate,9.48
Cytosine,5.9
Daidzein,1.39
Decanal,2.17
Dehydrocholic acid,1.16
Dehydroepiandrosterone,1.03
delta-Hydroxylysine,9.77
Deoxyuridine monophosphate,8.25
Desloratadine,4.9
Desoximetasone,1.13
Desulfo Glucoraphanin,6.61
Dexbrompheniramine,2.56
Dexchlorpheniramine,2.54
Dextromethorphan,2.64
Dextrorphan,3.87
Diazepam,1.1
Diazoxide,1.09
Diclofenac,1.08
Dihydrocapsaicin,1.07
Dihydrosphingosine,4.47
Dihydrozeatin,2.99
Dimethyl phthalate,1.04
Dioctyl Phthalate,0.96
Diphenhydramine,2.15
Diphenoxylate,1.41
Diphenylcyclopropenone,1.01
Disulfiram,0.93
Docetaxel,1.34
Dofetilide,3.38
Dolasetron,1.9
Donepezil,2.44
Dopamine,6.4
Doxapram,1.64
Doxepin,2.26
Doxorubicin,6.02
Doxylamine,2.45
Droperidol,3.48
Duloxetine,2.6
E-4031,2.92
Ecgonine,7.61
Ecgonine methylester,4.18
EDDP,1.9
Efavirenz,0.98
Enalaprilat,7.07
Enrofloxacin,3.31
Epicatechin,3.01
Epigallocatechin,10.17
Epirubicin,5.92
Equol,1.19
Ergosterol,1.43
Ergothioneine,7.74
Erucamide,1.06
Escitalopram,2.2
Esmolol,3.13
Esomeprazole,1.35
Ethanolamine,7.15
Ethylbutanoate,4.88
Ethynylestradiol,0.99
Etomidate,0.98
Etoposide,1.3
Exemestane,0.98
Ezetimibe,1.03
Famciclovir,1.38
Famotidine,5.59
Felbamate,1.2
Fenfluramine,2.33
Fenoldopam,5.68
Fenoxaprop-P-ethyl,1.01
Ferulic acid,1.42
Ferulic acid,1.31
Finasteride,1.17
FlavinÂ adenineÂ dinucleotide,9.52
Flubendazole,1.16
Flumazenil,1.08
Flunitrazepam,1.05
Fluorene,6.66
Fluperlapine,2.3
Fluphenazine,2.74
Flurazepam,2.41
Fluvoxamine,2.93
Folinic acid,7.92
Formononetine,1.18
Formoterol,5.18
Fucoxanthin,1.07
Gabexate,3.45
Galactosamine,8.44
Galanthamine,4.62
gamma-Glutamyl-cysteine,8.98
gamma-Glutamylglutamine,9.55
gamma-Glutamylleucine,8.1
gamma-Glutamylmethionine,8.55
gamma-Glutamyltyrosine,8.52
Geniposide,4.53
Gentisinic acid,3.18
Geranic acid,1.3
Glimepiride,1.05
Glu-Arg,9.9
Gluconolactone,8.15
Glucoraphanin,7.37
Glucosamine-6-phosphate,10.06
Glucose,1.84
Glucose-1-phosphate,9.61
Glucose-6-phosphate,9.86
Glu-Gln,9.6
Glu-Lys,9.9
Glu-Phe,8.2
Glutathione (oxidized),10.17
Glutathione (reduced),8.98
Glutathione (reduced),9.15
Glu-Thr,9.44
Glu-Val-Phe,7.66
Glycine,8.33
Glycitein,1.32
Glycyl-leucine,8.14
Gly-Gly-Gly,9.18
Gly-Ile,7.67
Gly-Pro,8.62
Gly-Tyr,8.07
Gly-Tyr-Ala,7.89
Gly-val,8.05
Goserelin,7.83
GR 89696,2.56
Granisetron,4.12
Guanidinoacetic acid,8.16
Guanine,6.4
Guanosine,7.33
"Guanosine-3',5'-cyclic monophosphate",8.39
Halometasone,1.12
Haloperidol,2.31
Heptadecanoic acid,3.01
HexamethyleneÂ bisacetamide,1.5
Hexanoic acid,4.89
Hexanoyl-L-carnitine,5.09
Histamine,8.29
Histamine-trifluoromethyltoluide,5.3
Homocysteine,9.58
Homocystine,9.58
Homoharringtonine,3.24
Homoserine,8.29
Homoveratrylamine,4.78
Huperzine,5.74
Hydrocinnamic acid,8.71
Hydrocodone,3.8
Hydrocortisone,2.56
Hydromorphone,5.22
Hydroxyproline,8.14
Hyperoside,5.58
Hypoxanthine,4.99
Icarin,4.74
Idarubicin,5.42
Idebenone,0.96
Ifenprodil,3.17
Imatinib,5.36
Imidazole,4.53
Indarubicin,1.07
Indatraline,2.88
Indinavir,2.17
Indole-3-acetamide,1.36
Indole-3-carbinol,1.24
Indole-3-carboxaldehyde,1.16
Indole-3-carboxylic acid,1.41
Indole-3-pyruvic acid,5.11
Indolelactic acid,2.25
Indomethacin,1.08
Inosine,6.19
Inosine-5'-monophosphate,9.15
Ipidacrine,3.33
Ipriflavone,0.94
Irbesartan,1.16
Irinotecan,5.03
Irsogladine,1.25
Isobutylamine,5.04
Isobutyric acid,1.77
Isomaltose,7.19
Isopentenyladenine,1.81
Isoquercetrin,5.61
Isorhamnetin-3-glucoside,4.49
Isorhamnetin-3-O-rutinoside,6.02
Isovaleryl-L-carnitine,5.36
Isoxanthopterin,6.41
Isradipine,0.95
Itopride,3.65
Itraconzaole,0.97
Kaempferol,1.4
Kaempferol-3-O-rutinoside,6.09
Ketoconazole,1.73
Ketoisovaleric acid,2.84
Ketotifen,2.71
Kitasamycin,2.04
Kynurenic acid,6.15
"L-694,247",5.25
Lacidipine,0.94
Lactamide,1.74
Lactitol,8.99
Lamivudine,3.4
Lamotrigine,1.98
Latanoprost,1.06
Lauroyl-L-carnitine,3.63
L-Cysteine-glutathione disulfide,10.15
Letrozol,0.98
Leu-Ala,5
Leu-Arg,8.86
Leucine,7.08
Leu-Pro,7.32
Levamisole,2.95
Levetiracetam,1.45
Levocetirizine,2.9
Levonorgestrel,0.99
Levosulpiride,4.37
L-Homocitrulline,8.73
Lidocaine,1.97
Limonene,0.92
Linalool,0.97
Linezolide,1.15
Linoleoylcarnitine,3.1
Linopirdine,1.17
Lipoamide,1.25
Liquiritigenin,1.3
Lobeline A,2.02
Lofepramine,1.91
Lofexidine,2.65
Lomerizine,1.7
Lomifylline,1.09
Loratadine,1.11
Lorazepam,1.33
Losartan,1.27
Loteprednol Etabonate,0.97
Loxapine,2.18
Loxoprofen,1.09
Lumazine,2.49
Lys-Gly,9.84
Lysine,9.54
Lys-Val,9.38
Maleamic acid,1.12
Maltol,1.32
Maltose,8.75
Maprotiline,2.66
Mecillinam,4.28
Medroxyprogesterone,1.01
Megestrol Acetate,0.96
Melatonin,1.24
Melperone,2.12
Memantine,4.24
Mepirizole,1.03
Mepivacaine,2.96
Meprobamate,1.25
Mesoridazine,4.24
Metformin,5.44
Methadone,2
Methamphetamine,3.33
Methaqualone,1.1
Methioninesulfoxide,8.62
Methohexital,6.9
Methotrexate,7.67
Methoxamine,4.75
Methyl jasmonate,1.04
Methyl-3-hydroxybutyric acid,6.22
Methylgallate,1.43
Methylglycinate,5.29
Methyltestosterone,1.04
Methyltyrosinate,4.23
Methyprylon,1.18
Metronidazole,1.17
Mevastatin,0.99
Midazolam,1.29
Mifepristone,1
Miglitol,8.12
Milnacipran,3.23
Milrinone,1.6
Mirtazapine,3.08
MK-886,0.96
Moclobemide,2.03
Modafinil,1.27
Monoolein,1.19
Mosapride,1.24
Moxifloxacin,4.69
Moxonidine,3.28
Muramic acid,8.28
Myricetin,2.69
N-(2-Furoyl)glycine,4.01
"N,N-Dimethylarginine",9.1
"N,N-Dimethylformamide",1.29
"N,N-Dimethylglycine",7.4
N-.alpha.-Acetyl-L-arginine,8.16
N.alpha.-Acetyl-L-lysine,8.15
N.alpha.-Methyl-L-lysine,7.35
"N2,N2-Dimethylguanosine",5.62
N-2-Fluorenylacetamide,4.74
N-2-Hydroxycyclopentyladenosine,3.48
N2-Methylguanosine,6.4
N6-Isopentenyladenosine,1.48
N8-Acetylspermidine,8.87
N-Acetyl-5-hydroxytryptamine,1.43
N-Acetylalanine,4.83
N-Acetyl-Asp-Glu,8.11
N-Acetylcaprolactam,2.3
N-Acetylcysteine,5.28
N-Acetylcytidine,5.08
N-Acetylglucosamine,7.06
N-Acetylglucosamine,7.35
N-Acetylglutamic acid,7.67
N-Acetylhistidine,8.07
N-Acetyl-L-carnosine,8.35
N-Acetylleucine,2.29
N-Acetyl-L-glutamine,8.18
N-Acetylmannosamine,7.01
N-Acetylmethionine,3.23
N-Acetylneuraminic acid,9.26
N-Acetylphenylalanine,2.61
N-Acetylserine,7.67
N-Acetyltryptophan,2.81
Nafadotride,2.05
Naftopidil,1.99
Nalbuphine,5.25
N-alpha-Acetyl-L-ornithine,8.31
N-alpha-methylhistamine,7.48
Naltrindole,4.45
Nandrolone,1.06
Naproxen,1.08
Naringin,5.61
Nateglinide,1.3
N-Benzyloxycarbonylglycine,7.67
N-Carbobenzyloxyleucine,1.28
N-Cinnamoylglycine,2.95
"N-cyano-N'-(1,1-dimethylpropyl)-N'-3-pyridinyl-guanidine",1.16
N-Cyclohexylformamide,1.2
Nefazodone,1.88
Nelfinavir,1.55
N-epsilon-Acetyllysine,8.03
Nerylacetate,0.99
N-Formylmethionine,3.93
N-gamma-Acetyl-N-2-formyl-5-methoxykynurenamine,1.32
Nialamide,1.69
Nicorandil,1.11
Nicotinamide,1.7
Nicotinamide riboside cation,7.51
Nicotine,5.34
Nicotinic acid,4.01
Nicotinoylglycine,7.08
Nifedipine,1.02
Nifekalant,3.21
Nimetazepam,0.98
Nimodipine,0.94
N-Isobutyrylglycine,3.6
N-Isovalerylglycine,2.94
Nitazoxanide,1
Nitrazepam,1.2
Nitrendipine,0.95
Nizatidine,4.65
N-Methylalanine,7.67
N-Methylaniline,1.06
N-Methylanthranilic acid,1.22
N-Methylaspartic acid,2.53
N-Methylglutamic acid,8.32
N-Methylglutamic acid,8.45
N-Methylisoleucine,6.44
N-Methylleucine,6.45
N-Methyllysine,9.36
N-Methylparoxetine,2.2
N-Methylphenylalanine,6.22
N-Methylproline,7.11
N-Methylserine,8.03
N-Methylserine,7.7
N-Methylthreonine,7.68
N-Methyltyrosine,6.79
N-Methylvaline,6.99
Nobiletin,1
N-omega-Acetylhistamine,6
Norleucine,6.99
Nornicotine,5.98
Norvaline,4.89
Noscapine,1.31
O-Acetyl-L-homoserine,7.6
O-Acetylserine,7.67
Octadecanedioic acid,1.24
Octanal,6.98
Octanol,8.47
Octopine,10.28
Olanzapine,4.56
Olmesartan,4.76
Olopatadine,4.41
Omeprazole,1.35
Ondansetron,2.83
O-Phosphocolamine,9.23
O-Phosphoserine,9.85
o-Phosphothreonine,9.74
Orlistat,0.89
Ormetroprim,4.19
Ornidazole,1.08
Ornithine,9.6
Orthanilic acid,2.52
O-Succinylhomoserine,8.06
Otenzepad,2.94
Oxaprozin,1.11
Oxazepam,1.37
Oxiconazole,1.08
Oxycodone,4.58
Oxymorphone,5.5
Oxyphenonium,2.01
Oxytetracycline,6.16
Oxytetracycline,5.95
Ozagrel,2.99
p-(Dimethylamino)azobenzene [methyl yellow],0.93
Palmitoylcarnitine cation,3.23
Palonosetron,4.05
P-Anisic acid,1.3
Panthenol,1.9
Pantoprazole,1.21
Pantothenic acid,3.5
Papaverine,1.54
Paraoxon,1.02
Parecoxib,0.98
Paroxetine,3.08
Pazufloxacin,2.49
p-Coumaric acid,1.38
PD 81723,0.94
Pefloxacin,3.65
Pemoline,1.39
Penciclovir,6.71
Pentazocine,2.65
Pentoxifylline,1.09
Pergolide,2.41
Perospirone,2.14
Petunidin-3-glucoside,4.47
Phendimetrazine,2.52
Phenelzine,4.45
Phenethylacetate,1.02
Phenethylamine,4.87
Phenmetrazine,4.04
Phenprobamate,1.01
Phentermine,6.23
Phenylacetaldehyde,5.4
Phenylacetylglutamine,6.03
Phenylacetylglycine,2.88
Phenylethanolamine,5.51
Phenylphosphoric acid,7.05
Phenylpropanolamine,5.29
Phloretin,1.5
Phlorobenzophenone,1.34
Phloroglucinol,1.15
Phosphocholine,9.19
Phosphocholine,8.97
Phosphoenolpyruvic acid,9.05
Phosphonoacetic acid,9.73
Phosphotyrosine,9.72
Phthalic acid,1.15
Physostigmine,3.17
Phytosphingosine,5.18
Picrotin,1.21
Pidotimod,7.3
Pilocarpine,2.23
Pinacidil,1.49
Pioglitazone,1.11
Pipecolic acid,7.83
Piperine,1.1
Pirenperone,3.5
Piroxicam,1.02
Pitavastatin,1.36
Pizotifen,2.33
Porphobilinogen,7.4
Pramipexole,5.7
Pravastatin,1.8
Prazepam,1.07
Prazosin,3.75
Procarbazine,4.61
Prochlorperazine,2.56
Progesterone,0.97
Pro-Gln,8.75
Proline-hydroxyproline,8.6
Propanil,1.08
Propionylcarnitine,6.41
Propoxyphene,2.01
Pterostilbene,0.98
Purine,2.44
Putrescine,9.3
Pyrafluefen-ethyl,1.02
Pyridine,6.63
Pyridoxal,2.18
Pyridoxal-5-phosphate,7.7
Pyridoxamine,8.1
Pyridoxine,3.78
Pyroglutamic acid,8.71
Pyrrole-2-carboxylic acid,5.66
Quercetin-3-O-beta-glucopyranosyl-6'-acetate,4.61
Quercetin-3-ramnoside,4.7
Quetiapine,2.54
Quinolinic acid,2.16
Rabeprazole,2.44
Racecadotril,0.95
Raclopride,2.11
Raffinose,9.17
Raltitrexed,7.35
Ramipril,1.4
Ranitidine,5.18
Ranolazine,2.79
Remacemide,4.41
Repaglinide,1.01
Resveratrol,1.41
Retinoic acid,1.11
Riboflavin,6
Rifabutin,2.76
Rifapentine,1.81
Rifaximin,1.18
Riluzole,1.03
Rimcazole,2.87
Risperidone,3.52
Ritonavir,1.15
Rizatriptan,5.11
Rofecoxib,0.97
Rolipram,1.12
Ropivacaine,2.42
Ropivacaine,2.57
Rosigltazone,1.24
Roxane,3.01
RU 24969,4.61
Rufloxacin,4.65
Rutin,6.6
S-Adenosyl-homocysteine,8.85
S-Adenosyl-methionine,9.7
Salicin,4.48
Salmeterol,4.75
Saquinavir,2.85
Sarcosine,7.82
SB 205607,5.11
Scopolamine,3.75
Scopoletin,1.16
SDMA,8.49
Secnidazole,1.12
Selegiline,1.48
Selegiline,1.53
Ser-Glu,9.65
Serine,8.73
Serotonin,1.44
Sertraline,2.67
Sertraline,2.8
Ser-Tyr,8.44
Sibutramine,1.86
Sinapic acid,1.41
SkF 83566,2.91
Sorbitol-6-phosphate,9.75
Sotalol,4.87
Spermidine,6.98
Spermine,7.24
SR 57227A,4.85
Stachydrine,7.1
Stanozolol,1.19
Stavudine,1.62
Stearoyl-L-carnitine,2.96
Styrene,8.74
Succinic acid,4.46
Sucrose,8.05
Sulfasalazine,2.01
Sulforaphane,1.14
Sumatriptan,4.31
Synephrine,5.67
Syringetin-3-O-glucoside,4.32
Syringic acid,1.35
Tacrine,3.86
Tacrolimus,1.07
Taldalafil,1.19
Targinine,9.22
Taurocholic acid,6.12
Taxifolin,1.78
Tegafur,1.22
Tegaserod,2.84
Telmisartan,1.25
Temazepam,1.15
Temozolomide,1.33
Terazosin,4.66
Terbinafine,1.33
TES,7.7
Testosterone,1.05
Theanine,7.66
Theophylline,1.54
Thiazolidine-4-carboxylic acid,6.92
Thionin,5.23
Thr-Ala,8.56
Threitol,1.56
Thymidine,2.57
ThymidineÂ 5'-monophosphate,8.28
Thymol,1.53
Tiagabine,3.94
Tibolone,1
Ticlopidine,1.12
Tinidazole,1.04
Tocainide,4.97
Tolterodine,2.13
Tomelukast,1.04
Topiramate,1.1
Topotecan,5.72
Toradol,1.29
Torasemide,1.45
Toremifene,1.89
Tosufloxacin,4.87
Tramadol,2.52
Tranilast,1.26
trans-3'-Hydroxycotinine,2.02
trans-Piceid,4.64
Trazodone,2.38
Trehalose-6-phosphate,9.72
Tremulacin,1.51
Triazolam,1.3
Triclabendazole,1.01
Trifluoperazine,2.15
Trileptal,1.13
Trimebutine,1.47
Trimipramine,2.25
Tripelennamine,1.98
Triptolide,1.02
Tropisetron,3.81
Troxipide,5.04
Tryptamine,6.92
Tryptoline,4.9
Tryptophanamide,5.91
Tyramine,5.58
Tyr-Tyr,7.38
Tyr-Tyr-Tyr,7.09
UNII-UGT5535REQ,2.89
Uracil,2.4
Urapidil,4.58
Ureidoglutaric acid,7.8
Uridine,4.72
Uridine 5'-monophosphate,8.97
Uridine-5-diphosphoacetylgalactosamine,9.83
Uridine-5-diphosphoacetylglucosamine,9.87
Urocanic acid,3.69
Valaciclovir,6.83
Valdecoxib,1.01
Valsartan,1.69
Vanillin,1.15
Vardenafil,1.7
Venlafaxine,2.44
Verapamil,1.88
Vercuronium,5.53
Vesamicol,2.65
Vincristine,3.7
Vindesine,5.76
Vinorelbine,4.76
Vinyl Carbamate,1.34
Viramune,1.16
Vitexin,5.33
Voriconazole,1.02
Warfarin,0.99
Willardiine,8.72
Xanthinol,6.01
Xanthosine,7.3
Xanthotoxin,1.04
Zacopride,4.66
Zafirlukast,1
Zaleplon,1.02
Zardaverine,1.19
Zeranol,1.11
Zileuton,1.23
Zolmitriptan,4.8
Zolpidem,1.62
Orlistat,0.89
2-Hydroxyglutaric acid,0.91
alpha-Keto-gamma-(methylthio)butyric acid,0.92
Limonene,0.92
"1,5-Anhydrosorbitol",0.92
Disulfiram,0.93
p-(Dimethylamino)azobenzene [methyl yellow],0.93
Ipriflavone,0.94
PD 81723,0.94
Nimodipine,0.94
Lacidipine,0.94
Racecadotril,0.95
Isradipine,0.95
Nitrendipine,0.95
Ampiroxicam,0.95
Dioctyl Phthalate,0.96
Megestrol Acetate,0.96
"Androstane-3,17-diol",0.96
Idebenone,0.96
MK-886,0.96
AM-251,0.97
Crotamiton,0.97
Progesterone,0.97
AM 404,0.97
Linalool,0.97
Rofecoxib,0.97
Itraconzaole,0.97
Loteprednol Etabonate,0.97
Efavirenz,0.98
Anastrozole,0.98
Pterostilbene,0.98
Etomidate,0.98
Parecoxib,0.98
Exemestane,0.98
Letrozol,0.98
Nimetazepam,0.98
Bicalutamide,0.99
2-Palmitoylglycerol,0.99
1-Monostearin,0.99
Mevastatin,0.99
Ethynylestradiol,0.99
Levonorgestrel,0.99
Nerylacetate,0.99
Warfarin,0.99
Tibolone,1
Mifepristone,1
Capsaicin,1
Zafirlukast,1
Nitazoxanide,1
Nobiletin,1
Triclabendazole,1.01
Phenprobamate,1.01
Medroxyprogesterone,1.01
Repaglinide,1.01
"1,3,5(10)-Estratrien-3-ol-17-one",1.01
2-Myristoylglycerol,1.01
Diphenylcyclopropenone,1.01
Valdecoxib,1.01
2-Hydroxychalcone,1.01
Fenoxaprop-P-ethyl,1.01
Zaleplon,1.02
Piroxicam,1.02
Pyrafluefen-ethyl,1.02
Triptolide,1.02
Paraoxon,1.02
Phenethylacetate,1.02
Voriconazole,1.02
Nifedipine,1.02
Ezetimibe,1.03
Actinomycin D,1.03
Mepirizole,1.03
Riluzole,1.03
7-Nitroindazole,1.03
Dehydroepiandrosterone,1.03
Tomelukast,1.04
Methyltestosterone,1.04
Methyl jasmonate,1.04
Tinidazole,1.04
Dimethyl phthalate,1.04
Xanthotoxin,1.04
Flunitrazepam,1.05
alpha-Methylene-gamma-butyrolactone,1.05
Glimepiride,1.05
Camalexin,1.05
Testosterone,1.05
Nandrolone,1.06
N-Methylaniline,1.06
Erucamide,1.06
Latanoprost,1.06
4-Methylumbelliferyl acetate,1.06
CGS 15943,1.07
Fucoxanthin,1.07
Indarubicin,1.07
Tacrolimus,1.07
4-Hydroxynonenal,1.07
Dihydrocapsaicin,1.07
3-Methyloxyindole,1.07
alpha-Santonin,1.07
Prazepam,1.07
5-Methoxypsoralen,1.07
"3,4-Dimethoxybenzaldehyde",1.08
Oxiconazole,1.08
Ornidazole,1.08
Flumazenil,1.08
2-Aminoacetophenone,1.08
Propanil,1.08
Coumarin,1.08
Indomethacin,1.08
Diclofenac,1.08
Naproxen,1.08
Lomifylline,1.09
Loxoprofen,1.09
Diazoxide,1.09
Pentoxifylline,1.09
Androstenedione,1.09
Piperine,1.1
Clobazam,1.1
Methaqualone,1.1
Topiramate,1.1
Diazepam,1.1
Adrenosterone,1.1
Carboxyibuprofen,1.11
Benzothiazole,1.11
Zeranol,1.11
Acetanilide,1.11
Retinoic acid,1.11
Loratadine,1.11
Nicorandil,1.11
Oxaprozin,1.11
Abietic acid,1.11
Pioglitazone,1.11
Maleamic acid,1.12
Rolipram,1.12
CefpodoximeÂ proxetil,1.12
Secnidazole,1.12
Halometasone,1.12
3-Methyluridine,1.12
Ticlopidine,1.12
Trileptal,1.13
Desoximetasone,1.13
Coniferylaldehyde,1.14
Sulforaphane,1.14
Arachidonyl dopamine,1.14
4-Nitroquinoline-N-oxide,1.14
Cortodoxone,1.15
Linezolide,1.15
Phloroglucinol,1.15
Cortodoxone,1.15
Vanillin,1.15
"1,4-Cyclohexanedione",1.15
Temazepam,1.15
Phthalic acid,1.15
Ritonavir,1.15
Viramune,1.16
Flubendazole,1.16
Scopoletin,1.16
Indole-3-carboxaldehyde,1.16
Dehydrocholic acid,1.16
"N-cyano-N'-(1,1-dimethylpropyl)-N'-3-pyridinyl-guanidine",1.16
Irbesartan,1.16
Metronidazole,1.17
Linopirdine,1.17
Finasteride,1.17
4-Hydroxybenzaldehyde,1.18
5-Methoxytryptophol,1.18
3-Hydroxybenzaldehyde,1.18
Rifaximin,1.18
Formononetine,1.18
Methyprylon,1.18
Cerivastatin,1.18
Monoolein,1.19
Taldalafil,1.19
Equol,1.19
Zardaverine,1.19
Bifonazole,1.19
Stanozolol,1.19
Nitrazepam,1.2
Felbamate,1.2
N-Cyclohexylformamide,1.2
Caffeine,1.21
Pantoprazole,1.21
Carbamazepine,1.21
4-Methyl-5-thiazoleethanol,1.21
Picrotin,1.21
4-Methylumbelliferone,1.22
2-Aminophenol,1.22
Tegafur,1.22
Albendazole,1.22
N-Methylanthranilic acid,1.22
4-Hydroxyphenylpyruvic acid,1.22
Zileuton,1.23
Rosigltazone,1.24
Octadecanedioic acid,1.24
4-Acetylbutyric acid,1.24
Melatonin,1.24
Mosapride,1.24
Indole-3-carbinol,1.24
Meprobamate,1.25
Telmisartan,1.25
Lipoamide,1.25
Irsogladine,1.25
Corticosterone,1.25
Beclomethasone,1.26
2-Phenylacetamide,1.26
Tranilast,1.26
6-Hydroxyflavone,1.26
6-Aminoindazole,1.26
"4,5,7-Trihydroxyisoflavone",1.27
Benzamide,1.27
Modafinil,1.27
Losartan,1.27
2-Amino-3-methoxybenzoic acid,1.27
N-Carbobenzyloxyleucine,1.28
3-Indolepropionic acid,1.28
Cyclo(Leu-Pro),1.29
2-Hydroxy-3-methylbutyric acid,1.29
3-Hydroxyvaleric acid,1.29
"N,N-Dimethylformamide",1.29
Toradol,1.29
Cortisone,1.29
Midazolam,1.29
Bromazepam,1.3
Triazolam,1.3
Etoposide,1.3
P-Anisic acid,1.3
Nateglinide,1.3
Liquiritigenin,1.3
Geranic acid,1.3
Ferulic acid,1.31
Noscapine,1.31
N-gamma-Acetyl-N-2-formyl-5-methoxykynurenamine,1.32
Glycitein,1.32
5-Methoxy-3-indoleacetic acid,1.32
Maltol,1.32
Abscisic acid,1.33
Benazepril,1.33
3-Indoleacetic acid,1.33
Terbinafine,1.33
Lorazepam,1.33
Temozolomide,1.33
Docetaxel,1.34
Vinyl Carbamate,1.34
4-Aminophenol,1.34
6-Hydroxycaproic acid,1.34
Alprazolam,1.34
Phlorobenzophenone,1.34
Esomeprazole,1.35
Omeprazole,1.35
Syringic acid,1.35
Chlordiazepoxide,1.35
2-Indolinone,1.36
Pitavastatin,1.36
Indole-3-acetamide,1.36
Oxazepam,1.37
1-Acetylimidazole,1.37
Acetaminophen,1.37
Famciclovir,1.38
p-Coumaric acid,1.38
Pemoline,1.39
Daidzein,1.39
2-Hexenal,1.39
Kaempferol,1.4
Ramipril,1.4
Indole-3-carboxylic acid,1.41
Sinapic acid,1.41
3-Pyridinemthanol,1.41
Diphenoxylate,1.41
Resveratrol,1.41
Ferulic acid,1.42
2-Deoxyribose,1.42
N-Acetyl-5-hydroxytryptamine,1.43
Methylgallate,1.43
Ergosterol,1.43
Ascorbic acid,1.44
Serotonin,1.44
Torasemide,1.45
3-Hydroxyphenylacetic acid,1.45
Levetiracetam,1.45
Benidipine,1.46
5'-O-Methylthymidine,1.46
Trimebutine,1.47
4-Hydroxy-6-methyl-2-pyrone,1.47
"1,3 Cyclohexanedione",1.47
"6,7-Dihydroxycoumarin",1.47
2-Chloro-N6-cyclopentyladenosine,1.47
N6-Isopentenyladenosine,1.48
3-Hydroxyanthranilic acid,1.48
Selegiline,1.48
Pinacidil,1.49
Cotinine,1.49
6-Methylmercaptopurine,1.49
Biliverdin,1.5
HexamethyleneÂ bisacetamide,1.5
Phloretin,1.5
Tremulacin,1.51
2-Hydroxyquinoline,1.51
Corydaline,1.52
Thymol,1.53
Selegiline,1.53
"2,8-Quinolinediol",1.53
Theophylline,1.54
Papaverine,1.54
Nelfinavir,1.55
"1,4-Cyclohexanedicarboxylic acid",1.56
Threitol,1.56
2-Hydroxy-4-methylpentanoic acid,1.57
"5,6-Dihydro-5-methyluracil",1.57
Actrarit,1.58
Milrinone,1.6
Stavudine,1.62
Zolpidem,1.62
4-Hexylresorcinol,1.63
1-Benzylimidazole,1.63
Doxapram,1.64
Valsartan,1.69
"1,7-Dimethylxanthine",1.69
Nialamide,1.69
4-Hydroxyquinoline,1.69
Lomerizine,1.7
Vardenafil,1.7
Nicotinamide,1.7
"2,3-Dideoxyuridine",1.73
Ketoconazole,1.73
Lactamide,1.74
2'-O-Methyl-5-methyluridine,1.75
"5,6-Dihydrouracil",1.77
Isobutyric acid,1.77
5-Fluro-2-pyrimidone,1.77
5-Hydroxy-3-indoleacetic acid,1.78
Taxifolin,1.78
Clofazimine,1.78
Pravastatin,1.8
Binospirone,1.8
Amlexanox,1.81
Isopentenyladenine,1.81
Caffeic acid,1.81
Rifapentine,1.81
Anagrelide,1.82
"5,6-Dimethylbenzimidazole",1.82
"1,3,7-Trimethyluric acid",1.83
Glucose,1.84
Sibutramine,1.86
Amiodarone,1.87
Verapamil,1.88
Nefazodone,1.88
Toremifene,1.89
Panthenol,1.9
Dolasetron,1.9
EDDP,1.9
Lofepramine,1.91
Cladribine,1.95
Lidocaine,1.97
Tripelennamine,1.98
Lamotrigine,1.98
5-Methyl-2-thiouridine,1.98
Benproperine,1.99
Naftopidil,1.99
Methadone,2
Oxyphenonium,2.01
Propoxyphene,2.01
Benzphetamine,2.01
Sulfasalazine,2.01
"(2-oxo-2,3-dihydro-1H-indol-3-yl)acetic acid",2.02
trans-3'-Hydroxycotinine,2.02
Lobeline A,2.02
Moclobemide,2.03
Kitasamycin,2.04
Benzphetamine,2.04
Nafadotride,2.05
2-Aminoethanethiol,2.05
2-Pyridone,2.05
Raclopride,2.11
Cocaethylene,2.12
Melperone,2.12
Tolterodine,2.13
Perospirone,2.14
Trifluoperazine,2.15
Diphenhydramine,2.15
Quinolinic acid,2.16
Benactyzine,2.16
Decanal,2.17
Indinavir,2.17
1-Methyluric acid,2.18
Loxapine,2.18
Pyridoxal,2.18
N-Methylparoxetine,2.2
Escitalopram,2.2
Cocaine,2.2
CGS 12066B,2.21
Citalopram,2.21
Bupropion,2.22
Pilocarpine,2.23
2'-O-Methyluridine,2.24
Trimipramine,2.25
Indolelactic acid,2.25
4-Acetamidobutyric acid,2.26
Doxepin,2.26
4-Thiouridine,2.27
Cisapride,2.28
N-Acetylleucine,2.29
"3,4-Dihydroxymandelic acid",2.3
N-Acetylcaprolactam,2.3
Fluperlapine,2.3
Haloperidol,2.31
Clomipramine,2.31
Cyproheptadine,2.31
Fenfluramine,2.33
Pizotifen,2.33
Buflomedil,2.34
3-beta-Cholest-5-en-3-yl [2-(dimethylamino)ethyl]carbamate,2.34
Biliverdin,2.35
Trazodone,2.38
Uracil,2.4
Acetylisatin,2.4
Flurazepam,2.41
Pergolide,2.41
Atomexetine,2.42
Ropivacaine,2.42
3'-O-Methyluridine,2.42
Rabeprazole,2.44
Donepezil,2.44
Venlafaxine,2.44
Purine,2.44
Doxylamine,2.45
Bifemelane,2.46
2-Thiouridine,2.48
Lumazine,2.49
Pazufloxacin,2.49
5'-Methylthioadenosine,2.49
Phendimetrazine,2.52
Tramadol,2.52
Orthanilic acid,2.52
N-Methylaspartic acid,2.53
Quetiapine,2.54
Chlorpheniramine,2.54
Dexchlorpheniramine,2.54
3-Hydroxysebacic acid,2.55
GR 89696,2.56
Prochlorperazine,2.56
Dexbrompheniramine,2.56
Hydrocortisone,2.56
Ropivacaine,2.57
Thymidine,2.57
Duloxetine,2.6
2'-O-Methyladenosine,2.6
5-Methyl-3-deoxyuridine,2.6
Cinanserin,2.61
"1,1-Dimethyl-4-phenylpiperazinium",2.61
N-Acetylphenylalanine,2.61
4-Hydroxymandelonitrile,2.63
2'-O-Methyladenosine,2.64
Altanserin,2.64
Dextromethorphan,2.64
Vesamicol,2.65
Lofexidine,2.65
Pentazocine,2.65
Maprotiline,2.66
4-Pyridoxic acid,2.66
Sertraline,2.67
2-Chloroadenosine,2.69
Myricetin,2.69
Ketotifen,2.71
Biuret,2.73
Fluphenazine,2.74
Rifabutin,2.76
Amisulpride,2.76
Ranolazine,2.79
Sertraline,2.8
N-Acetyltryptophan,2.81
Ondansetron,2.83
Tegaserod,2.84
Ketoisovaleric acid,2.84
Biotin,2.85
Saquinavir,2.85
Clonidine,2.85
3-Deoxyuridine,2.87
Rimcazole,2.87
Phenylacetylglycine,2.88
Indatraline,2.88
UNII-UGT5535REQ,2.89
Levocetirizine,2.9
SkF 83566,2.91
E-4031,2.92
CHEMBL1616521,2.93
Fluvoxamine,2.93
Acetohydroxamic acid,2.94
N-Isovalerylglycine,2.94
Otenzepad,2.94
"3,4-Methylenedioxyethamphetamine",2.94
Azelastine,2.95
N-Cinnamoylglycine,2.95
Levamisole,2.95
3-Methylcrotonylglycine,2.95
Stearoyl-L-carnitine,2.96
Mepivacaine,2.96
2-Deoxyuridine,2.96
Dihydrozeatin,2.99
Ozagrel,2.99
Clarithromycin,3
Roxane,3.01
Epicatechin,3.01
Heptadecanoic acid,3.01
Betaxolol,3.05
Mirtazapine,3.08
Paroxetine,3.08
Linoleoylcarnitine,3.1
Esmolol,3.13
Aripiprazole,3.14
Physostigmine,3.17
Carvedilol,3.17
Ifenprodil,3.17
Gentisinic acid,3.18
Nifekalant,3.21
Palmitoylcarnitine cation,3.23
N-Acetylmethionine,3.23
Milnacipran,3.23
Homoharringtonine,3.24
Moxonidine,3.28
Enrofloxacin,3.31
Ipidacrine,3.33
Methamphetamine,3.33
"2,3-Butanediol",3.34
5-Cholesten-3-beta-7-alpha-diol,3.36
Dofetilide,3.38
5-Nonyloxytryptamine,3.4
Lamivudine,3.4
"2',3'-Dideoxyinosine",3.44
Gabexate,3.45
Bisoprolol,3.47
N-2-Hydroxycyclopentyladenosine,3.48
Droperidol,3.48
Pantothenic acid,3.5
Pirenperone,3.5
Risperidone,3.52
Cordycepin,3.54
6-Methyladenosine,3.56
N-Isobutyrylglycine,3.6
Benzoylecgonine,3.63
Lauroyl-L-carnitine,3.63
Pefloxacin,3.65
Itopride,3.65
Urocanic acid,3.69
Vincristine,3.7
Butyrylglycine,3.73
Prazosin,3.75
Scopolamine,3.75
Pyridoxine,3.78
Hydrocodone,3.8
Tropisetron,3.81
Tacrine,3.86
(S)-Cotinine N-oxide,3.87
Dextrorphan,3.87
5-AminosalicylicÂ acid,3.89
2'-Deoxyadenosine,3.92
N-Formylmethionine,3.93
Tiagabine,3.94
Nicotinic acid,4.01
N-(2-Furoyl)glycine,4.01
Phenmetrazine,4.04
Palonosetron,4.05
2'-O-Methylinosine,4.06
"1,7-Dimethyluric acid",4.09
Catechin,4.11
Granisetron,4.12
Ecgonine methylester,4.18
5-Aminoimidazole-4-carboxamide,4.18
Ormetroprim,4.19
5-Methyluridine,4.19
Alosetron,4.19
Methyltyrosinate,4.23
Amlodipine,4.24
Mesoridazine,4.24
Memantine,4.24
Mecillinam,4.28
Alfuzosin,4.29
Sumatriptan,4.31
6-Azuridine,4.31
Atropine,4.32
Syringetin-3-O-glucoside,4.32
2-Hydroxyacetophenone,4.36
Levosulpiride,4.37
Remacemide,4.41
Olopatadine,4.41
Phenelzine,4.45
Naltrindole,4.45
Succinic acid,4.46
Dihydrosphingosine,4.47
Petunidin-3-glucoside,4.47
Salicin,4.48
Isorhamnetin-3-glucoside,4.49
Imidazole,4.53
Geniposide,4.53
"2,3-Dideoxycytidine",4.54
beta-Hydroxyisovaleric acid,4.55
Olanzapine,4.56
Brucine,4.57
4-Quinolinecarboxylic acid,4.58
Oxycodone,4.58
Urapidil,4.58
Amphetamine,4.6
Procarbazine,4.61
Quercetin-3-O-beta-glucopyranosyl-6'-acetate,4.61
RU 24969,4.61
5-Flurocytosine,4.62
Galanthamine,4.62
Androsterone,4.62
trans-Piceid,4.64
Nizatidine,4.65
Rufloxacin,4.65
Zacopride,4.66
Terazosin,4.66
Azasetron,4.66
Moxifloxacin,4.69
Quercetin-3-ramnoside,4.7
Adenine,4.71
Uridine,4.72
5-Methoxyuridine,4.72
Icarin,4.74
N-2-Fluorenylacetamide,4.74
Salmeterol,4.75
Methoxamine,4.75
Olmesartan,4.76
Vinorelbine,4.76
Adenosine,4.77
Homoveratrylamine,4.78
Zolmitriptan,4.8
N-Acetylalanine,4.83
SR 57227A,4.85
Balsalazide,4.85
Phenethylamine,4.87
Tosufloxacin,4.87
Sotalol,4.87
"1,2-Cyclohexanediol",4.88
Ethylbutanoate,4.88
4-Hydroxy-4-methyl-2-pentanone,4.88
Amantadine,4.88
Norvaline,4.89
Hexanoic acid,4.89
Tryptoline,4.9
Desloratadine,4.9
Creatinine,4.93
2'-O-Methyl-5-methylcytidine,4.93
Tocainide,4.97
1-Methylpseudouridine,4.99
Hypoxanthine,4.99
5-Methoxytryptamine,4.99
Leu-Ala,5
2'-O-Methylcytidine,5.02
Irinotecan,5.03
Troxipide,5.04
Isobutylamine,5.04
N-Acetylcytidine,5.08
3'-O-Methylcytidine,5.09
Hexanoyl-L-carnitine,5.09
Cyclohexanamine,5.1
8-Oxo-2-deoxyadenosine,5.11
Indole-3-pyruvic acid,5.11
Rizatriptan,5.11
SB 205607,5.11
3-Methylthiopropylamine,5.16
Phytosphingosine,5.18
Ranitidine,5.18
Formoterol,5.18
Hydromorphone,5.22
Thionin,5.23
Nalbuphine,5.25
"L-694,247",5.25
N-Acetylcysteine,5.28
Methylglycinate,5.29
Cetraxate,5.29
Phenylpropanolamine,5.29
Histamine-trifluoromethyltoluide,5.3
Cysteine,5.31
2-Thiocytidine,5.33
Vitexin,5.33
Nicotine,5.34
Isovaleryl-L-carnitine,5.36
Imatinib,5.36
2-Propanamidoacetic acid,5.37
Phenylacetaldehyde,5.4
Idarubicin,5.42
Metformin,5.44
Argatroban,5.45
Oxymorphone,5.5
Phenylethanolamine,5.51
2-(2-Aminoethyl)pyridine,5.52
Amiloride,5.52
Vercuronium,5.53
Albuterol,5.55
Hyperoside,5.58
Tyramine,5.58
Famotidine,5.59
3-Ureidopropionic acid,5.6
Cefaclor,5.61
Naringin,5.61
Isoquercetrin,5.61
"N2,N2-Dimethylguanosine",5.62
3-Trimethylsilylpropionic acid,5.64
Pyrrole-2-carboxylic acid,5.66
Synephrine,5.67
Fenoldopam,5.68
Pramipexole,5.7
Topotecan,5.72
2'-O-Methylguanosine,5.72
Huperzine,5.74
Vindesine,5.76
(R)-Butyrylcarnitine,5.77
"1,2-Cyclohexanedione",5.77
3'-O-Methylguanosine,5.8
1-Methylguanosine,5.84
4-Hydroxyhippuric acid,5.86
2'-Deoxycytidine,5.87
Cytosine,5.9
Tryptophanamide,5.91
Epirubicin,5.92
5-Hydroxytryptophol,5.93
Oxytetracycline,5.95
Bestatin,5.98
Nornicotine,5.98
Riboflavin,6
N-omega-Acetylhistamine,6
Xanthinol,6.01
Doxorubicin,6.02
Isorhamnetin-3-O-rutinoside,6.02
Phenylacetylglutamine,6.03
Kaempferol-3-O-rutinoside,6.09
Taurocholic acid,6.12
Clobenpropit,6.13
Kynurenic acid,6.15
Oxytetracycline,6.16
Inosine,6.19
Methyl-3-hydroxybutyric acid,6.22
N-Methylphenylalanine,6.22
Phentermine,6.23
1-Methylnicotinamide,6.26
1-Methyltryptophan,6.38
5-Methylcytidine,6.39
Dopamine,6.4
2'-Deoxyguanosine,6.4
N2-Methylguanosine,6.4
Guanine,6.4
Propionylcarnitine,6.41
Isoxanthopterin,6.41
N-Methylisoleucine,6.44
N-Methylleucine,6.45
16-Glucuronide-estriol,6.49
4-Aminomethylcyclohexanecarboxylic acid,6.6
Rutin,6.6
Desulfo Glucoraphanin,6.61
5-Methylcytosine,6.62
Pyridine,6.63
Fluorene,6.66
Chlorogenic acid,6.68
Penciclovir,6.71
Cytarabine,6.72
N-Methyltyrosine,6.79
Valaciclovir,6.83
Cytidine,6.85
3-Nitrotyrosine,6.88
Methohexital,6.9
5-Hydroxymethylcytosine,6.9
Thiazolidine-4-carboxylic acid,6.92
Tryptamine,6.92
Cefdinir,6.94
Spermidine,6.98
Octanal,6.98
Norleucine,6.99
3-Methylcytidine,6.99
N-Methylvaline,6.99
N-Acetylmannosamine,7.01
Phenylphosphoric acid,7.05
alpha-Galactosamine-1-phosphate,7.06
N-Acetylglucosamine,7.06
Enalaprilat,7.07
Leucine,7.08
Nicotinoylglycine,7.08
Tyr-Tyr-Tyr,7.09
Stachydrine,7.1
N-Methylproline,7.11
3-Chlorotyrosine,7.13
Ethanolamine,7.15
"7,8-Dihydrobiopterin",7.18
Isomaltose,7.19
(2R)-3-Hydroxyisovaleroylcarnitine,7.23
5-Aminovaleric acid,7.24
Spermine,7.24
"3',5'-Cyclic dAMP",7.29
Xanthosine,7.3
Pidotimod,7.3
6-Methyl-5-hepten-2-ol,7.3
Leu-Pro,7.32
Guanosine,7.33
7-Methylguanosine,7.34
N.alpha.-Methyl-L-lysine,7.35
N-Acetylglucosamine,7.35
Raltitrexed,7.35
3-Hydroxykynurenine,7.35
Glucoraphanin,7.37
Tyr-Tyr,7.38
Porphobilinogen,7.4
"N,N-Dimethylglycine",7.4
3-Amino-3-(4-hydroxyphenyl)propionic acid,7.42
3-Hydroxyphenylalanine,7.44
1-Methyladenosine,7.46
N-alpha-methylhistamine,7.48
5-Hydroxytryptophan,7.48
4-Aminobenzoic acid,7.49
Nicotinamide riboside cation,7.51
5-Hydroxymethylcytidine,7.54
3-(1-Pyrazolyl)-alanine,7.54
O-Acetyl-L-homoserine,7.6
Ala-Leu,7.6
Ecgonine,7.61
"Adenosine 3',5'-cyclic monophosphate",7.62
3-Hydroxybutyrylcarnitine,7.62
Cilastatin,7.63
Glu-Val-Phe,7.66
4-Trimethylammoniobutanoic acid,7.66
Theanine,7.66
Ala-Val,7.66
Gly-Ile,7.67
N-Benzyloxycarbonylglycine,7.67
O-Acetylserine,7.67
N-Acetylserine,7.67
Methotrexate,7.67
N-Methylalanine,7.67
N-Acetylglutamic acid,7.67
N-Methylthreonine,7.68
N-Methylserine,7.7
TES,7.7
Pyridoxal-5-phosphate,7.7
4-Guanidinobutyric acid,7.72
Acetaminophen glucuronide,7.73
Ergothioneine,7.74
Cefixime,7.79
Ureidoglutaric acid,7.8
Sarcosine,7.82
Goserelin,7.83
Ala-Ile,7.83
Carnitine,7.83
Pipecolic acid,7.83
Gly-Tyr-Ala,7.89
Folinic acid,7.92
Allothreonine,7.95
Cefatrizine,7.98
beta-Alanine,8.02
3-Indoleacetonitrile,8.02
4-Hydroxyphenylethanol,8.03
N-epsilon-Acetyllysine,8.03
N-Methylserine,8.03
Sucrose,8.05
Gly-val,8.05
O-Succinylhomoserine,8.06
3-Aminotyrosine,8.06
Gly-Tyr,8.07
N-Acetylhistidine,8.07
gamma-Glutamylleucine,8.1
Pyridoxamine,8.1
N-Acetyl-Asp-Glu,8.11
Miglitol,8.12
Asp-Phe,8.14
Glycyl-leucine,8.14
Hydroxyproline,8.14
3-Guanidinopropionic acid,8.15
Gluconolactone,8.15
N.alpha.-Acetyl-L-lysine,8.15
N-.alpha.-Acetyl-L-arginine,8.16
Guanidinoacetic acid,8.16
N-Acetyl-L-glutamine,8.18
"3,5-Dihydroxyphenylglycine",8.18
Glutamine,8.19
Glu-Phe,8.2
Deoxyuridine monophosphate,8.25
Muramic acid,8.28
ThymidineÂ 5'-monophosphate,8.28
Histamine,8.29
Homoserine,8.29
N-alpha-Acetyl-L-ornithine,8.31
"3,4-Dihydroxyphenylalanine",8.31
N-Methylglutamic acid,8.32
Glycine,8.33
N-Acetyl-L-carnosine,8.35
"Guanosine-3',5'-cyclic monophosphate",8.39
Ala-Ala,8.41
Galactosamine,8.44
Ser-Tyr,8.44
N-Methylglutamic acid,8.45
3-Octanol,8.47
Octanol,8.47
SDMA,8.49
gamma-Glutamyltyrosine,8.52
ADMA,8.55
gamma-Glutamylmethionine,8.55
Thr-Ala,8.56
Allantoic acid,8.56
3-Phosphonopropionic acid,8.59
Proline-hydroxyproline,8.6
Gly-Pro,8.62
Methioninesulfoxide,8.62
2'-Deoxyadenosine-5'-monophosphate,8.63
alpha-Methylhistidine,8.68
Hydrocinnamic acid,8.71
Benzylacetate,8.71
Pyroglutamic acid,8.71
2-Methoxy-4-vinylphenol,8.71
Willardiine,8.72
L-Homocitrulline,8.73
Serine,8.73
Styrene,8.74
Citrulline,8.74
Pro-Gln,8.75
Maltose,8.75
S-Adenosyl-homocysteine,8.85
Leu-Arg,8.86
N8-Acetylspermidine,8.87
Adenosine-3-monophosphate,8.88
Adenosine 5'-monophosphate,8.88
Agmatine,8.92
Cysteic acid,8.92
Phosphocholine,8.97
Uridine 5'-monophosphate,8.97
gamma-Glutamyl-cysteine,8.98
Glutathione (reduced),8.98
Cadaverine,8.99
Lactitol,8.99
Carbocysteine,9.04
Phosphoenolpyruvic acid,9.05
1-Methyl-L-histidine,9.1
"N,N-Dimethylarginine",9.1
Ala-Gln,9.11
Glutathione (reduced),9.15
Inosine-5'-monophosphate,9.15
2-Deoxycytidine-5-monophosphoric acid,9.16
Raffinose,9.17
Cinnamaldehyde,9.18
Gly-Gly-Gly,9.18
Phosphocholine,9.19
Targinine,9.22
O-Phosphocolamine,9.23
2'-Deoxyguanosine 5'-monophosphate,9.25
N-Acetylneuraminic acid,9.26
Arg-Val,9.3
Putrescine,9.3
beta-N-Methylaminoalanine,9.32
N-Methyllysine,9.36
Lys-Val,9.38
2-Aminoethylphosphonic acid,9.39
3-Methylhistidine,9.41
Canavanine,9.42
2'-Deoxyguanosine 3'-monophosphate,9.43
Glu-Thr,9.44
Asp-Glu,9.47
2-alpha-Mannobiose,9.47
Cytidine-5'-monophosphate,9.48
Anserine,9.49
Arg-Pro,9.51
FlavinÂ adenineÂ dinucleotide,9.52
Arginine,9.53
Carnosine,9.54
Lysine,9.54
gamma-Glutamylglutamine,9.55
Homocystine,9.58
Homocysteine,9.58
Ornithine,9.6
Glu-Gln,9.6
Glucose-1-phosphate,9.61
Ser-Glu,9.65
Arg-Ala,9.66
S-Adenosyl-methionine,9.7
Trehalose-6-phosphate,9.72
Phosphotyrosine,9.72
Phosphonoacetic acid,9.73
o-Phosphothreonine,9.74
Sorbitol-6-phosphate,9.75
delta-Hydroxylysine,9.77
Uridine-5-diphosphoacetylgalactosamine,9.83
Lys-Gly,9.84
Arg-Gly,9.85
O-Phosphoserine,9.85
Glucose-6-phosphate,9.86
Uridine-5-diphosphoacetylglucosamine,9.87
"2,6-Diaminopimelic acid",9.88
Acarbose,9.88
Arg-Ser,9.9
Glu-Arg,9.9
Glu-Lys,9.9
Cystathionine,9.91
Cystine,9.97
Glucosamine-6-phosphate,10.06
L-Cysteine-glutathione disulfide,10.15
Epigallocatechin,10.17
Glutathione (oxidized),10.17
Butanoic acid,10.19
Octopine,10.28
